--
-- Скрипт сгенерирован Devart dbForge Studio for MySQL, Версия 6.3.358.0
-- Домашняя страница продукта: http://www.devart.com/ru/dbforge/mysql/studio
-- Дата скрипта: 23.09.2015 22:51:42
-- Версия сервера: 5.6.21
-- Версия клиента: 4.1
--


-- 
-- Отключение внешних ключей
-- 
/*!40014 SET @OLD_FOREIGN_KEY_CHECKS=@@FOREIGN_KEY_CHECKS, FOREIGN_KEY_CHECKS=0 */;

-- 
-- Установить режим SQL (SQL mode)
-- 
/*!40101 SET @OLD_SQL_MODE=@@SQL_MODE, SQL_MODE='NO_AUTO_VALUE_ON_ZERO' */;

-- 
-- Установка кодировки, с использованием которой клиент будет посылать запросы на сервер
--
SET NAMES 'utf8';

-- 
-- Установка базы данных по умолчанию
--
USE symfony;

--
-- Описание для таблицы article
--
DROP TABLE IF EXISTS article;
CREATE TABLE article (
  article_id INT(11) NOT NULL AUTO_INCREMENT,
  article_text LONGTEXT NOT NULL,
  article_date DATE NOT NULL,
  article_ispublished TINYINT(1) NOT NULL,
  article_title VARCHAR(255) NOT NULL,
  article_category_id INT(11) NOT NULL,
  short_text TEXT DEFAULT NULL,
  main TINYINT(1) DEFAULT 1,
  general TINYINT(1) DEFAULT NULL,
  PRIMARY KEY (article_id)
)
ENGINE = INNODB
AUTO_INCREMENT = 33
AVG_ROW_LENGTH = 4986
CHARACTER SET utf8
COLLATE utf8_unicode_ci;

--
-- Описание для таблицы category
--
DROP TABLE IF EXISTS category;
CREATE TABLE category (
  category_id INT(11) NOT NULL AUTO_INCREMENT,
  category_name LONGTEXT NOT NULL,
  category_description LONGTEXT NOT NULL,
  category_parent INT(11) DEFAULT 0,
  category_sort INT(11) UNSIGNED NOT NULL DEFAULT 0,
  category_show_left_menu TINYINT(1) NOT NULL DEFAULT 0,
  PRIMARY KEY (category_id)
)
ENGINE = INNODB
AUTO_INCREMENT = 50
AVG_ROW_LENGTH = 862
CHARACTER SET utf8
COLLATE utf8_unicode_ci;

--
-- Описание для таблицы fos_user
--
DROP TABLE IF EXISTS fos_user;
CREATE TABLE fos_user (
  id INT(11) NOT NULL AUTO_INCREMENT,
  username VARCHAR(255) NOT NULL,
  username_canonical VARCHAR(255) NOT NULL,
  email VARCHAR(255) NOT NULL,
  email_canonical VARCHAR(255) NOT NULL,
  enabled TINYINT(1) NOT NULL,
  salt VARCHAR(255) NOT NULL,
  password VARCHAR(255) NOT NULL,
  last_login DATETIME DEFAULT NULL,
  locked TINYINT(1) NOT NULL,
  expired TINYINT(1) NOT NULL,
  expires_at DATETIME DEFAULT NULL,
  confirmation_token VARCHAR(255) DEFAULT NULL,
  password_requested_at DATETIME DEFAULT NULL,
  roles LONGTEXT NOT NULL COMMENT '(DC2Type:array)',
  credentials_expired TINYINT(1) NOT NULL,
  credentials_expire_at DATETIME DEFAULT NULL,
  PRIMARY KEY (id),
  UNIQUE INDEX UNIQ_957A647992FC23A8 (username_canonical),
  UNIQUE INDEX UNIQ_957A6479A0D96FBF (email_canonical)
)
ENGINE = INNODB
AUTO_INCREMENT = 2
CHARACTER SET utf8
COLLATE utf8_unicode_ci;

--
-- Описание для таблицы menu
--
DROP TABLE IF EXISTS menu;
CREATE TABLE menu (
  id INT(11) NOT NULL AUTO_INCREMENT,
  menu_name VARCHAR(50) NOT NULL COMMENT 'текст на ссылке отображаемый пользователю',
  menu_href VARCHAR(255) DEFAULT NULL COMMENT 'ссылка куда ведет меню',
  menu_parent INT(11) DEFAULT NULL COMMENT 'этот пункт отображает кто родитель данного пункта меню, то есть это может быть подменю',
  menu_type VARCHAR(255) NOT NULL COMMENT 'Данный пункт показывает к какому меню принадлежит пункт, простое название',
  menu_sort INT(11) NOT NULL DEFAULT 0,
  PRIMARY KEY (id)
)
ENGINE = INNODB
AUTO_INCREMENT = 9
AVG_ROW_LENGTH = 2730
CHARACTER SET utf8
COLLATE utf8_unicode_ci;

--
-- Описание для таблицы slider
--
DROP TABLE IF EXISTS slider;
CREATE TABLE slider (
  id INT(11) NOT NULL AUTO_INCREMENT,
  a_href VARCHAR(255) DEFAULT NULL,
  img_src VARCHAR(255) NOT NULL,
  img_alt_text VARCHAR(255) DEFAULT NULL,
  PRIMARY KEY (id)
)
ENGINE = INNODB
AUTO_INCREMENT = 5
AVG_ROW_LENGTH = 5461
CHARACTER SET utf8
COLLATE utf8_unicode_ci
COMMENT = 'В данной таблице хранятся данные центрально слайдера';

-- 
-- Вывод данных для таблицы article
--
INSERT INTO article VALUES
(3, '<!-- Start WOWSlider.com HEAD section --><!-- End WOWSlider.com HEAD section -->\r\n<p><img alt="" src="/upload/newsimg53011.jpg" style="float:left; height:139px; margin-left:10px; margin-right:10px; width:100px" />Исполнительница главной роли в сериале &quot;<a href="http://serials.kinonews.ru/serial_20243/castle">Касл</a>&quot;&nbsp;<a href="http://www.kinonews.ru/person_8608/stana-katic">Стана Катик</a>&nbsp;подписала новый контракт на участие в продолжении шоу, в то время как создатель сериала&nbsp;<a href="http://www.kinonews.ru/person_17108/andrew-w-marlowe">Эндрю У. Марлоу</a>&nbsp;и его супруга, исполнительный продюсер Терри Миллер, покинули проект. Об этом сообщает издание The Hollywood Reporter.<br />\r\nКанал ABC продлил процедурал, главную роль в котором исполняет&nbsp;<a href="http://www.kinonews.ru/person_5825/nathan-fillion">Натан Филлион</a>, на восьмой сезон в пятницу, 8 мая 2015 года. В предстоящем сезоне функции шоураннеров возложены на сценаристов&nbsp;<a href="http://www.kinonews.ru/person_17109/terence-paul-winter">Теренса Пола Винтера</a>&nbsp;и Алекси Хоули, заменивших выбывшего с поста Дэвида Аманна.<br />\r\nЧто касается Марлоу, то он сосредоточится на работе над потенциальным спин-оффом &quot;Касла&quot; и не будет принимать участие в разработке восьмого сезона.<br />\r\nВо вторник утром, 12 мая, Марлоу и Миллер, оставили на своей странице в Twitter обращение к фанатам сериала, поблагодарив их за преданность шоу и объявив о своем уходе после семи сезонов.<br />\r\nПрезидент компании ABC Entertainment Group Пол Ли подтвердил, что восьмой сезон сериала &quot;Касл&quot; не будет последним, и подчеркнул, что такие сериалы канала, как &quot;<a href="http://serials.kinonews.ru/serial_14017/greys-anatomy">Анатомия страсти</a>&quot; и &quot;Касл&quot;, являются &quot;яркими брендами&quot; со &quot;страстной аудиторией&quot;, и что он был бы рад, если бы они &quot;шли еще многие годы&quot;.<br />\r\nСедьмой сезон &quot;Касла&quot; завершился 11 мая 2015 года. Процедурал, выходящий на ABC по понедельникам, собирает за неделю в среднем по 12,7 миллиона зрителей.</p>\r\n\r\n<p><img alt="" src="/upload/newsimg53011.jpg" style="float:left; height:417px; margin-left:10px; margin-right:10px; width:300px" /></p>\r\n\r\n<p>&nbsp;</p>', '2015-09-12', 1, '"Касл"', 4, '<img alt="" src="/upload/newsimg53011.jpg" style="float:left; height:139px; margin-left:10px; margin-right:10px; width:100px" />Исполнительница главной роли в сериале &quot;<a href="http://serials.kinonews.ru/serial_20243/castle">Касл</a>&quot;&nbsp;<a href="http://www.kinonews.ru/person_8608/stana-katic">Стана Катик</a>&nbsp;подписала новый контракт на участие в продолжении шоу, в то время как создатель сериала&nbsp;<a href="http://www.kinonews.ru/person_17108/andrew-w-marlowe">Эндрю У. Марлоу</a>&nbsp;и его супруга, исполнительный продюсер Терри Миллер, покинули проект. Об этом сообщает издание The Hollywood Reporter.<br />\r\nКанал ABC продлил процедурал, главную роль в котором исполняет&nbsp;<a href="http://www.kinonews.ru/person_5825/nathan-fillion">Натан Филлион</a>, на восьмой сезон в пятницу, 8 мая 2015 года. В предстоящем сезоне функции шоураннеров возложены на сценаристов&nbsp;<a href="http://www.kinonews.ru/person_17109/terence-paul-winter">Теренса Пола Винтера</a>&nbsp;и Алекси Хоули, заменивших выбывшего с поста Дэвида Аманна.<br />\r\nЧто касается Марлоу, то он сосредоточится на работе над потенциальным спин-оффом &quot;Касла&quot; и не будет принимать участие в разработке восьмого сезона.<br />\r\nВо вторник утром, 12 мая, Марлоу и Миллер, оставили на своей странице в Twitter обращение к фанатам сериала, поблагодарив их за преданность шоу и объявив о своем уходе после семи сезонов.', 1, 0),
(5, '<p><img alt="" src="/blog/upload/images/motto.net.ua-2.jpg" style="float:left; height:250px; margin-left:10px; margin-right:10px; width:400px" /><strong>Стана Катич<sup>[1]</sup></strong>&nbsp;(англ.&nbsp;<em>Stana Katic: /ˈstɑːnə ˈk&aelig;tɨk/</em>&nbsp;; род.&nbsp;26 апреля&nbsp;1978,&nbsp;Гамильтон,&nbsp;Онтарио,&nbsp;Канада)&nbsp;&mdash; канадская актриса&nbsp;сербско-хорватского&nbsp;происхождения, наиболее известная по роли детектива Кейт Беккет в телесериале &laquo;Касл&raquo;.&nbsp;</p>\r\n\r\n<p>&nbsp;</p>\r\n\r\n<p>&nbsp;</p>\r\n\r\n<p><span style="color:#000000">Катич родилась в городе&nbsp;Гамильтон, штат&nbsp;Онтарио,&nbsp;</span><a href="https://ru.wikipedia.org/wiki/%D0%9A%D0%B0%D0%BD%D0%B0%D0%B4%D0%B0" title="Канада"><span style="color:#000000">Канада</span></a><span style="color:#000000">. Отец&nbsp;</span><a href="https://ru.wikipedia.org/wiki/%D0%A1%D0%B5%D1%80%D0%B1" title="Серб"><span style="color:#000000">серб</span></a><span style="color:#000000">, мать&nbsp;</span><a href="https://ru.wikipedia.org/wiki/%D0%A5%D0%BE%D1%80%D0%B2%D0%B0%D1%82%D1%8B" title="Хорваты"><span style="color:#000000">хорватка</span></a><span style="color:#000000">, эмигрировавшая изЮгославии. Рассказывая о своей национальности Стана говорит: &laquo;Мои родители - сербы из Хорватии. Я называю нас&nbsp;</span><a href="https://ru.wikipedia.org/wiki/%D0%94%D0%B0%D0%BB%D0%BC%D0%B0%D1%86%D0%B8%D1%8F" title="Далмация"><span style="color:#000000">далматами</span></a><span style="color:#000000">&raquo;</span><sup><a href="https://ru.wikipedia.org/wiki/%D0%9A%D0%B0%D1%82%D0%B8%D1%87,_%D0%A1%D1%82%D0%B0%D0%BD%D0%B0#cite_note-2"><span style="color:#000000">[2]</span></a></sup><span style="color:#000000">. Её отец родом из&nbsp;</span><a href="https://ru.wikipedia.org/wiki/%D0%92%D1%80%D0%BB%D0%B8%D0%BA%D0%B0" title="Врлика"><span style="color:#000000">Врлика</span></a><span style="color:#000000">, мать - из&nbsp;</span><a href="https://ru.wikipedia.org/wiki/%D0%A1%D0%B8%D0%BD%D1%8C_(%D0%A5%D0%BE%D1%80%D0%B2%D0%B0%D1%82%D0%B8%D1%8F)" title="Синь (Хорватия)"><span style="color:#000000">Сини</span></a><sup><a href="https://ru.wikipedia.org/wiki/%D0%9A%D0%B0%D1%82%D0%B8%D1%87,_%D0%A1%D1%82%D0%B0%D0%BD%D0%B0#cite_note-3"><span style="color:#000000">[3]</span></a></sup><span style="color:#000000">. Позднее Катич со своей семьёй переехала в город Аврора в штате&nbsp;Иллинойс. После окончания средней школы &laquo;Вест Аврора&raquo; в 1996 году она обучалась в&nbsp;</span><a href="https://ru.wikipedia.org/wiki/%D0%A2%D0%BE%D1%80%D0%BE%D0%BD%D1%82%D1%81%D0%BA%D0%B8%D0%B9_%D1%83%D0%BD%D0%B8%D0%B2%D0%B5%D1%80%D1%81%D0%B8%D1%82%D0%B5%D1%82" title="Торонтский университет"><span style="color:#000000">Торонтском университете</span></a><span style="color:#000000">&nbsp;и в театральной школе&nbsp;Университета Де Поля, носящей название Гудменовской школы драмы, где училась актёрскому мастерству с 2000 по 2004 год</span><sup><a href="https://ru.wikipedia.org/wiki/%D0%9A%D0%B0%D1%82%D0%B8%D1%87,_%D0%A1%D1%82%D0%B0%D0%BD%D0%B0#cite_note-autogenerated1-4"><span style="color:#000000">[4]</span></a></sup><span style="color:#000000">. У Станы Катич четыре брата и одна сестра.</span></p>\r\n\r\n<p>Кроме&nbsp;<a href="https://ru.wikipedia.org/wiki/%D0%90%D0%BD%D0%B3%D0%BB%D0%B8%D0%B9%D1%81%D0%BA%D0%B8%D0%B9_%D1%8F%D0%B7%D1%8B%D0%BA" title="Английский язык">английского языка</a>, она также владеет&nbsp;<a href="https://ru.wikipedia.org/wiki/%D0%A1%D0%B5%D1%80%D0%B1%D1%81%D0%BA%D0%B8%D0%B9_%D1%8F%D0%B7%D1%8B%D0%BA" title="Сербский язык">сербским</a>,&nbsp;<a href="https://ru.wikipedia.org/wiki/%D0%A1%D0%BB%D0%BE%D0%B2%D0%B5%D0%BD%D1%81%D0%BA%D0%B8%D0%B9_%D1%8F%D0%B7%D1%8B%D0%BA" title="Словенский язык">словенским</a>,&nbsp;<a href="https://ru.wikipedia.org/wiki/%D0%A4%D1%80%D0%B0%D0%BD%D1%86%D1%83%D0%B7%D1%81%D0%BA%D0%B8%D0%B9_%D1%8F%D0%B7%D1%8B%D0%BA" title="Французский язык">французским</a>&nbsp;и&nbsp;<a href="https://ru.wikipedia.org/wiki/%D0%98%D1%82%D0%B0%D0%BB%D1%8C%D1%8F%D0%BD%D1%81%D0%BA%D0%B8%D0%B9_%D1%8F%D0%B7%D1%8B%D0%BA" title="Итальянский язык">итальянским</a>&nbsp;языками. Имеет двойное гражданство&nbsp;<a href="https://ru.wikipedia.org/wiki/%D0%A1%D0%A8%D0%90" title="США">США</a>&nbsp;и&nbsp;<a href="https://ru.wikipedia.org/wiki/%D0%9A%D0%B0%D0%BD%D0%B0%D0%B4%D0%B0" title="Канада">Канады</a><sup><a href="https://ru.wikipedia.org/wiki/%D0%9A%D0%B0%D1%82%D0%B8%D1%87,_%D0%A1%D1%82%D0%B0%D0%BD%D0%B0#cite_note-5">[5]</a></sup>.</p>\r\n\r\n<p>&nbsp;</p>\r\n\r\n<p>&nbsp;</p>\r\n<iframe frameborder="0" height="450" scrolling="no" src="https://www.youtube.com/embed/Qz-At-ufpds" width="100%"></iframe>\r\n\r\n<p><iframe frameborder="0" height="450" scrolling="yes" src="https://www.youtube.com/embed/6ETlkiB7yKc" width="800"></iframe></p>', '2015-09-15', 1, 'Стана Катич', 4, '<p><img alt="" src="/blog/upload/images/nastol.com.ua-16970.jpg" style="height:88px; margin-left:10px; margin-right:10px; width:150px" /><img alt="" src="/blog/upload/images/nastol.com.ua-16970.jpg" style="height:88px; margin-left:10px; margin-right:10px; width:150px" /><img alt="" src="/blog/upload/images/nastol.com.ua-16970.jpg" style="height:88px; margin-left:10px; margin-right:10px; width:150px" /></p>', 1, 0),
(6, '<p><img alt="" src="/blog/upload/images/shnurov-sergey1(1).jpg" style="float:left; height:98px; margin-left:10px; margin-right:10px; width:150px" /><span style="font-size:20px"><strong>Корпоратив со смыслом!</strong></span><br />\r\n<br />\r\n<span style="font-size:14px">Не об этом ли мечтает каждый управляющий бизнесом? Представьте, что после очередного праздника, ваши сотрудники стали более <strong>ответственно</strong> подходить к работе, организация труда четко структурирована и не дает сбоев, а доходность бизнеса быстро пошла в гору. С командой SMARTEVENT эта Мечта становится реальностью!<br />\r\nИ если Вы любите совмещать &laquo;приятное с полезным&raquo;, хотите, вкладывая деньги в праздники своей организации получать дополнительную сплоченность вашего коллектива и эффективную работу каждого сотрудника&hellip;<br />\r\nИ в данной ситуации вы находитесь в гостях у людей, которые очень скоро станут Вашими надежными друзьями!<br />\r\n<strong>Команда </strong>Smart-event предлагает абсолютно новый подход к организации и проведению мероприятий любой сложности!</span></p>', '2015-09-15', 1, 'Корпоратив со смыслом!', 4, '<img alt="" src="/blog/upload/images/shnurov-sergey1(1).jpg" style="float:left; height:98px; margin-left:10px; margin-right:10px; width:150px" />Не об этом ли мечтает каждый управляющий бизнесом? Представьте, что после очередного праздника, ваши сотрудники стали более <strong>ответственно</strong> подходить к работе, организация труда четко структурирована и не дает сбоев, а доходность бизнеса быстро пошла в гору. С командой SMARTEVENT эта Мечта становится реальностью!<br />\r\n<br />\r\nИ если Вы любите совмещать &laquo;приятное с полезным&raquo;, хотите, вкладывая деньги в праздники своей организации получать дополнительную сплоченность вашего коллектива и эффективную работу каждого сотрудника&hellip;<br />\r\nИ в данной ситуации вы находитесь в гостях у людей, которые очень скоро станут Вашими надежными друзьями!<br />\r\n<strong>Команда </strong>Smart-event предлагает абсолютно новый подход к организации и проведению мероприятий любой сложности!', 1, 1),
(7, '<p><iframe align="middle" frameborder="0" height="500px" scrolling="no" src="https://www.youtube.com/embed/wsUQKw4ByVg" width="100%"></iframe></p>\r\n\r\n<p>Предположим что все продукты в приложении принадлежат единственной &ldquo;категории&rdquo;. В этом случае, необходим объект&nbsp;<tt>Category</tt>&nbsp;и способ связывания его с объектом&nbsp;<tt>Product</tt>. Начнём с соаздания сущности&nbsp;<tt>Category</tt>. Так как известно что в конечном счёте понадобится сохранить класс с помощью Doctrine, то можно позволить Doctrine создать его для вас.</p>\r\n\r\n<pre>\r\nphp app/console doctrine:generate:entity --entity=&quot;AcmeStoreBundle:Category&quot; --fields=&quot;name:string(255)&quot;\r\n</pre>\r\n\r\n<p>Это задание создаст сущность&nbsp;<tt>Category</tt>&nbsp;с полями&nbsp;<tt>id</tt>,&nbsp;<tt>name</tt>&nbsp;и связанными getter и setter функциями.</p>\r\n\r\n<h3>Метаданные отображения связей<a href="http://symfony-gu.ru/documentation/ru/html/book/doctrine.html#id12" title="Ссылка на этот заголовок">&para;</a></h3>\r\n\r\n<p>Чтобы связать сущности&nbsp;<tt>Category</tt>&nbsp;и&nbsp;<tt>Product</tt>, начните с создания свойства&nbsp;<tt>products</tt>&nbsp;в классе&nbsp;<tt>Category</tt>:</p>\r\n\r\n<pre>\r\n// src/Acme/StoreBundle/Entity/Category.php\r\n// ...\r\nuse Doctrine\\Common\\Collections\\ArrayCollection;\r\n\r\nclass Category\r\n{\r\n    // ...\r\n\r\n    /**\r\n     * @ORM\\OneToMany(targetEntity=&quot;Product&quot;, mappedBy=&quot;category&quot;)\r\n     */\r\n    protected $products;\r\n\r\n    public function __construct()\r\n    {\r\n        $this-&gt;products = new ArrayCollection();\r\n    }\r\n}</pre>\r\n\r\n<p>Во-первых, т. к. объект&nbsp;<tt>Category</tt>&nbsp;связан со множеством объектов&nbsp;<tt>Product</tt>, то добавленное свойство&nbsp;<tt>products</tt>&nbsp;будет массивом для хранения объектов<tt>Product</tt>. Далее, this isn&rsquo;t done because Doctrine needs it, but instead because it makes sense in the application for each&nbsp;<tt>Category</tt>&nbsp;to hold an array of&nbsp;<tt>Product</tt>objects.</p>\r\n\r\n<p>Код в методе&nbsp;<tt>__construct()</tt>&nbsp;важен, потому что Doctrine необходимо чтобы свойство&nbsp;<tt>$products</tt>&nbsp;было объектом&nbsp;<tt>ArrayCollection</tt>. Этот объект выглядит и работает почти&nbsp;<em>также</em>&nbsp;как массив, но имеет расширенную гибкость. Если это заставляет вас чувствовать неудобство, то не переживайте. Представьте что это просто&nbsp;<tt>массив</tt>&nbsp;и вы будете снова в хорошей форме.</p>', '2015-09-17', 1, 'Связи/объединения сущностей', 4, '<p><!--\r\n<iframe align="left" frameborder="0" height="120" scrolling="no" src="https://www.youtube.com/embed/wsUQKw4ByVg" style="margin:10px" width="250"></iframe>-->Предположим что все продукты в приложении принадлежат единственной &ldquo;категории&rdquo;. В этом случае, необходим объект&nbsp;<tt>Category</tt>&nbsp;и способ связывания его с объектом&nbsp;<tt>Product</tt>. Начнём с соаздания сущности&nbsp;<tt>Category</tt>. Так как известно что в конечном счёте понадобится сохранить класс с помощью Doctrine, то можно позволить Doctrine создать его для вас.</p>', 1, 0),
(8, '<p><strong>CKEditor</strong>&nbsp;&mdash;&nbsp;<a href="https://ru.wikipedia.org/wiki/%D0%A1%D0%B2%D0%BE%D0%B1%D0%BE%D0%B4%D0%BD%D0%BE%D0%B5_%D0%BF%D1%80%D0%BE%D0%B3%D1%80%D0%B0%D0%BC%D0%BC%D0%BD%D0%BE%D0%B5_%D0%BE%D0%B1%D0%B5%D1%81%D0%BF%D0%B5%D1%87%D0%B5%D0%BD%D0%B8%D0%B5" title="Свободное программное обеспечение">свободный</a>&nbsp;<a href="https://ru.wikipedia.org/wiki/WYSIWYG" title="WYSIWYG">WYSIWYG</a>-<a href="https://ru.wikipedia.org/wiki/%D0%A2%D0%B5%D0%BA%D1%81%D1%82%D0%BE%D0%B2%D1%8B%D0%B9_%D1%80%D0%B5%D0%B4%D0%B0%D0%BA%D1%82%D0%BE%D1%80" title="Текстовый редактор">редактор</a>, который может быть использован на веб-страницах.</p>\r\n\r\n<p>До версии 3.0 назывался&nbsp;<strong>FCKeditor</strong>&nbsp;(&laquo;FCK&raquo; от имени создателя редактора, Frederico Caldeira Knabben), но сменил имя чтобы не ассоциироваться с распространённым в английском языке ругательством (при старте проекта бразилец Фредерико об этом не знал).</p>\r\n\r\n<p>Особенностью редактора является малый размер без необходимости инсталляции на стороне клиента.</p>\r\n\r\n<p>Редактор интегрирован с:</p>\r\n\r\n<ul>\r\n\t<li><a href="https://ru.wikipedia.org/wiki/ASP.Net" title="ASP.Net">ASP.Net</a></li>\r\n\t<li><a href="https://ru.wikipedia.org/wiki/Active_Server_Pages" title="Active Server Pages">ASP</a></li>\r\n\t<li><a href="https://ru.wikipedia.org/wiki/ColdFusion" title="ColdFusion">ColdFusion</a></li>\r\n\t<li><a href="https://ru.wikipedia.org/wiki/PHP" title="PHP">PHP</a></li>\r\n\t<li><a href="https://ru.wikipedia.org/wiki/Java" title="Java">Java</a></li>\r\n\t<li><a href="https://ru.wikipedia.org/wiki/JavaScript" title="JavaScript">JavaScript</a></li>\r\n\t<li><a href="https://ru.wikipedia.org/w/index.php?title=Active-FoxPro&amp;action=edit&amp;redlink=1" title="Active-FoxPro (страница отсутствует)">Active-FoxPro</a></li>\r\n\t<li><a href="https://ru.wikipedia.org/w/index.php?title=Lasso&amp;action=edit&amp;redlink=1" title="Lasso (страница отсутствует)">Lasso</a></li>\r\n\t<li><a href="https://ru.wikipedia.org/wiki/Perl" title="Perl">Perl</a></li>\r\n\t<li><a href="https://ru.wikipedia.org/wiki/Python" title="Python">Python</a></li>\r\n\t<li><a href="https://ru.wikipedia.org/wiki/Ruby" title="Ruby">Ruby</a></li>\r\n</ul>\r\n\r\n<p>CKeditor совместим с большинством современных&nbsp;<a href="https://ru.wikipedia.org/wiki/%D0%91%D1%80%D0%B0%D1%83%D0%B7%D0%B5%D1%80" title="Браузер">браузеров</a>:</p>\r\n\r\n<ul>\r\n\t<li><a href="https://ru.wikipedia.org/wiki/Opera" title="Opera">Opera</a>&nbsp;9.50+</li>\r\n\t<li><a href="https://ru.wikipedia.org/wiki/Safari" title="Safari">Safari</a>&nbsp;3.0+</li>\r\n\t<li><a href="https://ru.wikipedia.org/wiki/Firefox" title="Firefox">Firefox</a>&nbsp;1.5+</li>\r\n\t<li><a href="https://ru.wikipedia.org/wiki/Camino" title="Camino">Camino</a>&nbsp;1.0+ (Mac)</li>\r\n\t<li><a href="https://ru.wikipedia.org/wiki/Internet_Explorer" title="Internet Explorer">Internet Explorer</a>&nbsp;5.5+</li>\r\n\t<li><a href="https://ru.wikipedia.org/wiki/Google_Chrome" title="Google Chrome">Google Chrome</a></li>\r\n</ul>\r\n\r\n<p>Редактор также интегрирован с&nbsp;<a href="https://ru.wikipedia.org/wiki/%D0%A1%D0%B8%D1%81%D1%82%D0%B5%D0%BC%D0%B0_%D1%83%D0%BF%D1%80%D0%B0%D0%B2%D0%BB%D0%B5%D0%BD%D0%B8%D1%8F_%D0%B2%D0%B5%D0%B1-%D1%81%D0%BE%D0%B4%D0%B5%D1%80%D0%B6%D0%B8%D0%BC%D1%8B%D0%BC" title="Система управления веб-содержимым">системами управления содержимым</a>, например:&nbsp;<a href="https://ru.wikipedia.org/wiki/Drupal" title="Drupal">Drupal</a><sup><a href="https://ru.wikipedia.org/wiki/CKeditor#cite_note-1">[1]</a></sup>,&nbsp;<a href="https://ru.wikipedia.org/wiki/Plone" title="Plone">Plone</a><sup><a href="https://ru.wikipedia.org/wiki/CKeditor#cite_note-2">[2]</a></sup>,&nbsp;<a href="https://ru.wikipedia.org/wiki/MediaWiki" title="MediaWiki">MediaWiki</a><sup><a href="https://ru.wikipedia.org/wiki/CKeditor#cite_note-3">[3]</a></sup>.</p>\r\n\r\n<p>На официальном сайте имеется возможность ознакомиться с демоверсией продукта,&nbsp;<a href="http://ckeditor.com/demo" rel="nofollow">в режиме онлайн</a>.</p>', '2015-09-17', 1, 'CKEditor', 5, '<p>CKEditor&nbsp;&mdash;&nbsp;свободный&nbsp;WYSIWYG-редактор, который может быть использован на веб-страницах.</p>\r\n\r\n<p>До версии 3.0 назывался&nbsp;FCKeditor&nbsp;(&laquo;FCK&raquo; от имени создателя редактора, Frederico Caldeira Knabben), но сменил имя чтобы не ассоциироваться с распространённым в английском языке ругательством (при старте проекта бразилец Фредерико об этом не знал).</p>', 1, 0),
(9, '<div class="row ">\r\n<div class="span5 ">\r\n<div class="banner-wrap style-2">\r\n<p><a href="/blog/web/post/21" title="Че вылупился"><img alt="" src="/blog/upload/images/Menu/banner-img1.jpg" title="Че вылупился" /></a></p>\r\n\r\n<div class="desc">\r\n<div class="desc-inner">\r\n<h5><a href="#" title="Че вылупился">Че вылупился</a></h5>\r\n\r\n<p><a href="#" title="Че вылупился">Предьявите билеты</a></p>\r\n</div>\r\n</div>\r\n</div>\r\n</div>\r\n\r\n<div class="span5 ">\r\n<div class="banner-wrap style-2">\r\n<p><a href="/blog/web/category/post/1" title="Что то он косо посмотрел надо валить"><img alt="" src="/blog/upload/images/Menu/banner-img2.jpg" title="Хватай сумку и бежим" /> </a></p>\r\n\r\n<div class="desc">\r\n<div class="desc-inner">\r\n<h5><a href="#" title="Что то он косо посмотрел надо валить">Что то он косо посмотрел надо валить</a></h5>\r\n\r\n<p><a href="#" title="Что то он косо посмотрел надо валить">Хватай сумку и бежим</a></p>\r\n</div>\r\n</div>\r\n</div>\r\n</div>\r\n</div>\r\n\r\n<div class="row ">\r\n<div class="span5 ">\r\n<div class="banner-wrap style-2">\r\n<p><a href="#" title="Что то жопа дымит у вас не будет стаканчика пива"><img alt="" src="/blog/upload/images/Menu/banner-img3.jpg" title="Что то жопа дымит у вас не будет стаканчика пива" /> </a></p>\r\n\r\n<div class="desc">\r\n<div class="desc-inner">\r\n<h5><a href="#" title="Что то жопа дымит у вас не будет стаканчика пива">Что то жопа дымит, у вас не будет стаканчика пива</a></h5>\r\n\r\n<p><a href="#" title="Что то жопа дымит у вас не будет стаканчика пива">Ну или газировки хотябы</a></p>\r\n</div>\r\n</div>\r\n</div>\r\n</div>\r\n\r\n<div class="span5 ">\r\n<div class="banner-wrap style-2">\r\n<p><a href="#" title="Тихо а то ун увидит"><img alt="" src="/blog/upload/images/Menu/banner-img4.jpg" title="Тихо а то ун увидит" /> </a></p>\r\n\r\n<div class="desc">\r\n<div class="desc-inner">\r\n<h5><a href="#" title="Тихо а то ун увидит">Тихо а то он увидит</a></h5>\r\n\r\n<p><a href="#" title="Тихо а то ун увидит">что на мне нет бельишка</a></p>\r\n</div>\r\n</div>\r\n</div>\r\n</div>\r\n</div>\r\n<!--\r\n<p><iframe align="middle" frameborder="0" height="450" scrolling="no" src="https://www.youtube.com/embed/Rgox84KE7iY" width="100%"></iframe></p>-->\r\n\r\n<p>&nbsp;</p>', '2015-09-17', 1, 'Разделы', 4, '<p>A lightweight image gallery modal window script which uses only CSS3 for silky-smooth animations and transitions, utilizes GPU rending, which can be completely controlled and themed directly from the CSS.</p>\r\n\r\n<ul>\r\n\t<li>Lightweight!&nbsp;<code>jquery.photobox.js</code>&nbsp;is only 5kb (gziped &amp; minified)</li>\r\n\t<li>Hardware accelerated, CSS3 transitions and animations</li>\r\n\t<li>Mobile friendly</li>\r\n\t<li>Support videos via iframe embedding</li>\r\n\t<li>Stunning UI and user-friendly UX</li>\r\n\t<li>Images &amp; videos can be zoomed using mousewheel</li>\r\n\t<li>Thumbnails can be zoomed using mousewheel</li>\r\n\t<li>Keyboard &amp; mouse navigation. Even using mousewheel left/right ;-)</li>\r\n\t<li>Exposed UX control up to 99%. No need to mess with the source code</li>\r\n\t<li>Observes DOM changes (if images were added/removed)</li>\r\n\t<li>Event-delegation on all thumbnails events (obviously...)</li>\r\n\t<li>HTML5 History support: update location with the currently viewed image</li>\r\n\t<li>No images at all! The only image is a pre-loader animation for old IE.</li>\r\n\t<li>Browsers support: IE8+ (graceful degradation), Modern browsers</li>\r\n</ul>', 0, 1),
(12, '<div id="lightgallery"><a href="/blog/upload/images/00018.jpg"><img alt="" src="/blog/upload/images/00018.jpg" style="height:118px; width:150px" /></a><a href="/blog/upload/images/1%20(1).jpg"><img alt="" src="/blog/upload/images/1%20(1).jpg" style="height:113px; width:150px" /></a><a href="/blog/upload/images/coj7awhNM_c.jpg"><img alt="" src="/blog/upload/images/coj7awhNM_c.jpg" style="height:113px; width:150px" /></a></div>', '2015-09-17', 1, 'галерея 3', 7, '<a href="http://127.0.0.1/blog/web/post/12"><img alt="" src="/blog/upload/images/Slider/slides3-970x414.jpg" style="height:85px; margin-bottom:20px; margin-top:20px; width:200px" /></a>', 0, 0),
(13, '<div id="lightgallery"><a href="/blog/upload/images/Slider/slides1-970x414.jpg"><img alt="" src="/blog/upload/images/Slider/slides1-970x414.jpg" style="height:85px; margin:20px; width:200px" /></a><a href="/blog/upload/images/Slider/slides2-970x414.jpg"><img alt="" src="/blog/upload/images/Slider/slides2-970x414.jpg" style="height:85px; margin:20px; width:200px" /></a><a href="/blog/upload/images/Slider/slides3-970x414.jpg"><img alt="" src="/blog/upload/images/Slider/slides3-970x414.jpg" style="height:85px; margin:20px; width:200px" /></a></div>\r\n<iframe frameborder="0" height="600" scrolling="no" src="https://www.youtube.com/embed/p6BH7lIoEY0?list=RDp6BH7lIoEY0" width="100%"></iframe>', '2015-09-17', 1, 'Галерея 4', 7, '<a href="http://127.0.0.1/blog/web/post/13"><img alt="" src="/blog/upload/images/Slider/slides1-970x414.jpg" style="height:85px; margin-bottom:20px; margin-top:20px; width:200px" /></a>', 0, 0),
(15, '<div id="lightgallery"><a href="/blog/upload/images/galereya/123.jpg"><img alt="" src="/blog/upload/images/galereya/123.jpg" style="height:88px; width:150px" /></a><a href="/blog/upload/images/galereya/fonstola.ru-58471.jpg"><img alt="" src="/blog/upload/images/galereya/fonstola.ru-58471.jpg" style="height:88px; width:150px" /></a><a href="/blog/upload/images/galereya/motto.net.ua-2.jpg"><img alt="" src="/blog/upload/images/galereya/motto.net.ua-2.jpg" style="height:88px; width:150px" /></a><a href="/blog/upload/images/galereya/nastol.com.ua-16970.jpg"><img alt="" src="/blog/upload/images/galereya/nastol.com.ua-16970.jpg" style="height:88px; width:150px" /></a></div>\r\n<iframe frameborder="0" height="400" scrolling="no" src="https://www.youtube.com/embed/nJQ2HNaOABA" style="margin:20px 0;" width="100%"></iframe>', '2015-09-18', 1, 'Галерейка', 4, 'И в заключение хочется добавить, что на локальном сервере Pluso не работает. Поэтому не пугайтесь, увидев сообщение &laquo;Bad request&raquo;. На &laquo;живом&raquo; хостинге все работает. Проверено.&nbsp;', 0, 0),
(18, '<div class="google-map"><iframe frameborder="0" height="450" scrolling="no" src="https://www.google.com/maps/embed?pb=!1m18!1m12!1m3!1d287424.1771205895!2d37.63249495!3d55.749792!2m3!1f0!2f0!3f0!3m2!1i1024!2i768!4f13.1!3m3!1m2!1s0x46b54afc73d4b0c9%3A0x3d44d6cc5757cf4c!2z0JzQvtGB0LrQstCwLCDQoNC-0YHRgdC40Y8!5e0!3m2!1sru!2s!4v1442746944626" style="border:0" width="100%"></iframe>\r\n<div class="spacer"><br />\r\n<br />\r\n<br />\r\n<br />\r\n<br />\r\n<br />\r\n<br />\r\n<br />\r\n<br />\r\n<br />\r\n<br />\r\n<br />\r\n<br />\r\n<br />\r\n<br />\r\n<br />\r\n<br />\r\n<br />\r\n<br />\r\n<br />\r\n<br />\r\n&nbsp;</div>\r\n</div>\r\n\r\n<div class="span4 ">\r\n<div class="title-box clearfix ">\r\n<h2>&nbsp;</h2>\r\n\r\n<p><span style="font-size:14px">По всем вопросам, Вы можете связаться с нами по телефону +996556676263,<br />\r\nНаписать нам письмо <a href="mailto:anatoliipomaznoi@gmail.com">anatoliipomaznoi@gmail.com</a><br />\r\nИ естественно просмотреть наши работы и отзывы в социальных сетях&hellip;</span></p>\r\n</div>\r\n</div>\r\n\r\n<div class="title-box clearfix ">\r\n<h2>&nbsp;</h2>\r\n</div>', '2015-09-20', 0, 'Контакты', 1, NULL, 0, 0),
(19, '<p>Команда Smart-event &nbsp;при помощи главного консультанта в сфере организации бизнеса, имеющего 15-ти летний опыт работы в различных компаниях Казахстана и Кыргызстана и зарекомендовавшего себя как профессионала более чем в 500 организаций &ndash; Дмитрия Чуприна, разработала уникальную систему влияния на подсознание человека, через подачу информации в позитивном ключе с кодировкой в ней конкретных идей и политики компании заказчика, донесение самых острых проблем и пути решения любой затруднительной ситуации.<br />\r\n&nbsp;</p>\r\n<iframe align="middle" frameborder="0" height="500" scrolling="no" src="https://www.youtube.com/embed/QN45YtkTJAE" style="margin: 20px 0;" width="100%"></iframe><br />\r\n<br />\r\nДанная программа позволяет позитивно влиять на сотрудников при проведении различных корпоративных мероприятий и побуждать их к действию в своей специализации. Мы строим позитивное мышление, учим работать эффективно и одновременно веселимся вместе со всеми сотрудниками!<br />\r\n<br />\r\n<iframe align="middle" frameborder="0" height="500" scrolling="no" src="https://www.youtube.com/embed/QN45YtkTJAE" style="margin: 20px 0;" width="100%"></iframe><br />\r\n<br />\r\nСпектр наших услуг широк и разнообразен: помимо корпоративных мероприятий, направленных на повышение эффективности компании, проверки прочности и компетенции сотрудников и их лояльности к компании, обучения и практической вовлеченности, нами разработаны развлекательно-обучающие программы для детей, с профессиональными преподавателями, актерами и аниматорами.<br />\r\n<br />\r\n<iframe align="middle" frameborder="0" height="500" scrolling="no" src="https://www.youtube.com/embed/QN45YtkTJAE" style="margin: 20px 0;" width="100%"></iframe><br />\r\n<br />\r\nТак же мы сотрудничаем с ресторанами и клубами Казахстана и Кыргызстана в плане организации и проведения мероприятий под ключ, являемся координаторами и просто хорошими друзьями нашим постоянным клиентам<br />\r\n<br />\r\n<iframe align="middle" frameborder="0" height="500" scrolling="no" src="https://www.youtube.com/embed/QN45YtkTJAE" style="margin: 20px 0;" width="100%"></iframe><br />\r\n&nbsp;', '2015-09-20', 0, 'О нас', 1, '<p>Команда Smart-event &nbsp;при помощи главного консультанта в сфере организации бизнеса, имеющего 15-ти летний опыт работы в различных компаниях Казахстана и Кыргызстана и зарекомендовавшего себя как профессионала более чем в 500 организаций &ndash; Дмитрия Чуприна, разработала уникальную систему влияния на подсознание человека, через подачу информации в позитивном ключе с кодировкой в ней конкретных идей и политики компании заказчика, донесение самых острых проблем и пути решения любой затруднительной ситуации.</p>\r\n\r\n<p><a href="http://127.0.0.1/blog/web/post/19"><span style="color:#FF0000">Подробнее...</span></a><br />\r\n&nbsp;</p>\r\n<iframe frameborder="0" height="100" scrolling="no" src="https://www.youtube.com/embed/N2i0xvcFUZ0" width="150"></iframe>', 0, 0),
(21, '<p>Share-кнопки позволяют легко и быстро делиться понравившейся информацией в социальных сетях. Кликая на необходимую кнопку, пользователь размещает у себя на странице в социальной сети ссылку на понравившуюся страницу.</p>\r\n<br />\r\n<a href="http://share.pluso.ru/faq#t2">Что мне даст установка share-кнопок на сайт?</a>\r\n\r\n<p>Размещение share-кнопок увеличивает посещаемость сайта на 5-20%. Это работает следующим образом:</p>\r\n\r\n<p>&mdash; По статистике каждый 65 посетитель делится страницей в социальной сети.<br />\r\n&mdash; В среднем люди делают 2-3 лайка понравившейся страницы, публикуя ее в разные сети.<br />\r\n&mdash; По размещенной в социальной сети ссылке приходят 6 новых посетителей.<br />\r\n&mdash; Среднее количество просмотренных страниц - более 2-х за сессию.</p>\r\n\r\n<p>Таким образом, один лайк страницы приносит в среднем 12 новых просмотров от посетителей социальных сетей.</p>\r\n<br />\r\n<a href="http://share.pluso.ru/faq#t3">Чем ваши share-кнопки отличаются от других?</a><br />\r\n<a href="http://share.pluso.ru/faq#t4">Платно ли использование ваших кнопок?</a>\r\n\r\n<p>Использование сервиса PLUSO абсолютно бесплатно.</p>\r\n<br />\r\n<a href="http://share.pluso.ru/faq#t5">Повлияет ли установка ваших кнопок на скорость загрузки страницы?</a>\r\n\r\n<p>Кнопки PLUSO имеют асинхронный код, который не влияет на скорость загрузки страницы.</p>\r\n\r\n<h1>Вопросы по установке и настройке кнопок PLUSO</h1>\r\n<a href="http://share.pluso.ru/faq#t6">Как установить кнопки PLUSO на сайт?</a><br />\r\n<a href="http://share.pluso.ru/faq#t7">Какие сервисы лучше выбрать?</a><br />\r\n<a href="http://share.pluso.ru/faq#t8">Можно ли разместить на одной странице несколько панелей с кнопками?</a>\r\n\r\n<p>Да, такая возможность существует. Для этого необходимо у каждой панели с кнопками указать собственный url.</p>\r\n<br />\r\n<a href="http://share.pluso.ru/faq#t9">Можно ли менять изображение, описание и текст, которые отображаются рядом со ссылкой на страницу в соц. сетях?</a><br />\r\n<a href="http://share.pluso.ru/faq#t10">Существует ли возможность настройки стиля кнопок через CSS?</a><br />\r\n<a href="http://share.pluso.ru/faq#t11">Существует ли возможность установки кнопок под прокотолом https/ssl?</a><br />\r\n<a href="http://share.pluso.ru/faq#t12">Поддерживает ли сервис PLUSO английский язык?</a><br />\r\n<a href="http://share.pluso.ru/faq#t13">Будет ли доступен сервис статистики отслеживания нажатий?</a><br />\r\n<a href="http://share.pluso.ru/faq#t14">Будут ли добавлены индивидуальные счетчики для каждой кнопки?</a><br />\r\n<a href="http://share.pluso.ru/faq#t15">Совместим ли сервис PLUSO со ссылками, написанными кириллицей?</a><br />\r\n<a href="http://share.pluso.ru/faq#t16">Планируется ли расширение дополнительных сервисов?</a><br />\r\n<a href="http://share.pluso.ru/faq#t17">Существует ли возможность добавления нашего сервиса в кнопки PLUSO?</a>', '2015-09-20', 1, 'Что такое share-кнопки?', 4, '<p>Share-кнопки позволяют легко и быстро делиться понравившейся информацией в социальных сетях. Кликая на необходимую кнопку, пользователь размещает у себя на странице в социальной сети ссылку на понравившуюся страницу.</p>', 0, 0),
(22, '<iframe frameborder="0" height="500" scrolling="no" src="https://www.youtube.com/embed/aFF_kk4Mfno?list=RDnJQ2HNaOABA" width="100%"></iframe>', '2015-09-20', 1, 'Супер гуд', 4, '<pre>\r\n<strong>Вступление:</strong> Am | E | Am | E | Am | Am | Am | Am\r\n\r\n           Am          E\r\nДрузья все валят за границу,\r\n                   Am\r\nА я, наверное, остаюсь.\r\n                        E\r\nСмеюсь, напьюсь, если хуево,\r\n                       Am\r\nЖрать будет нечего - женюсь.\r\n\r\n           Dm            Am\r\nДрузья мне пишут, как ты тут.\r\n       E              Am\r\nА я нормально - супер гуд!\r\n\r\n<strong><u>Припев:</u></strong> <em>(2 раза)</em>\r\n                         E\r\n     Супер, супер, супер гуд,\r\n                         Am\r\n     Я нормально - супер гуд!\r\n                         E\r\n     Супер, супер, супер гуд,\r\n                         Am\r\n     Я нормально - супер гуд!\r\n\r\nИ никуда я не поеду,\r\nИ в Союзе хорошо.\r\nВезде мне стопочку нальют,\r\nВ какой кабак я не зашел.\r\n\r\nВедь все равно же все умрут,\r\nБез разницы - там или тут.\r\n\r\n<strong><u>Припев:</u></strong> <em>(2 раза)</em>\r\n     Супер, супер, супер гуд,\r\n     Я нормально - супер гуд!\r\n     Супер, супер, супер гуд,\r\n     Я отлично - супер гуд!\r\n\r\nДрузья все валят за границу,\r\nА я, наверное, остаюсь.\r\nСмеюсь, напьюсь, если хуево,\r\nЖрать будет нечего - женюсь.\r\n\r\nДрузья мне все пишут, ну, как ты тут.\r\nДа, как я, бля, - супер гуд!\r\n\r\n<strong><u>Припев:</u></strong> <em>(2 раза)</em>\r\n     Супер, супер, супер гуд,\r\n     Я нормально - супер гуд!\r\n     Супер, супер, супер гуд,\r\n     Я отлично - супер гуд!\r\n     Супер, супер, супер гуд,\r\n     Я охуенно - супер гуд!\r\n     Супер, супер, супер гуд,\r\n     Я отлично - супер гуд!</pre>', 0, 0),
(23, '<iframe frameborder="0" height="400" scrolling="no" src="https://www.youtube.com/embed/9EmCerpWub4" width="100%"></iframe>', '2015-09-20', 1, 'Ленинград — Концерт в "Sziget 2013" / Полная версия', 4, '<img alt="" src="/blog/upload/images/shnurov-sergey1.jpg" style="float:left; height:131px; margin-left:10px; margin-right:10px; width:200px" /><br />\r\nБудет, как будет! А будет ништяк,<br />\r\nКо всем приходит, чувак, депресняк.<br />\r\nБрось ты, не парься, ведь всяко бывает,<br />\r\nА Музыка жить и любить помогает!<br />\r\n&nbsp;\r\n<h3>ПРИПЕВ:</h3>\r\nМузыка для мужика - ни тяжела, ни легка.<br />\r\nДля мужика музыка, словно глоток воздуха.<br />\r\nМузыка для мужика - ни тяжела, ни легка.<br />\r\nДля мужика музыка, словно глоток воздуха.<br />\r\n<br />\r\nМузыка для мужика!<br />\r\nМузыка для мужика!<br />\r\n<br />\r\nЛюбит - не любит, все будет ништяк.<br />\r\nБудет, как будет! А будет никак.<br />\r\nВ мире добро есть, ну и зло!<br />\r\nСтроить и жить помогает музло.<br />\r\n&nbsp;\r\n<h4>Припев:</h4>\r\nМузыка для мужика - ни тяжела, ни легка.<br />\r\nДля мужика музыка, словно глоток воздуха.<br />\r\nМузыка для мужика - ни тяжела, ни легка.<br />\r\nДля мужика музыка, словно глоток воздуха.<br />\r\n<br />\r\nМузыка в принципе разная есть.<br />\r\nМожно подняться, а можно присесть.<br />\r\nМожет быть в масть, а может не в масть.<br />\r\nМожно взлететь, а можно упасть.<br />\r\n<br />\r\nБудет, как будет! А будет ништяк!<br />\r\nПускай уходит, чувак, депресняк.<br />\r\nОтходняки - провокация!<br />\r\nГлавное - это музация!<br />\r\n<br />\r\nМузыка для мужика!<br />\r\nМузыка для мужика.<br />\r\nМузыка для мужика!<br />\r\nМузыка для мужика.<br />\r\n<br />\r\nМузыка для мужика!<br />\r\nМузыка для мужика.<br />\r\nМузыка для мужика!<br />\r\nМузыка для мужика.<br />\r\n<br />\r\nМузыка для мужика!<br />\r\nМузыка для мужика.', 0, 0),
(24, '<iframe frameborder="0" height="315" src="https://www.youtube.com/embed/jGRTbJHzIHQ" width="420"></iframe>', '2015-09-20', 1, 'Ленинград — Менеджер', 4, '<iframe frameborder="0" height="150" scrolling="no" src="https://www.youtube.com/embed/jGRTbJHzIHQ" width="200"></iframe>', 0, 0),
(25, '<iframe frameborder="0" height="500" scrolling="no" src="https://www.youtube.com/embed/xVXL2Kd5_tM" width="100%"></iframe>', '2015-09-20', 1, 'Ленинград — Плачу', 4, '<iframe frameborder="0" height="150" scrolling="no" src="https://www.youtube.com/embed/xVXL2Kd5_tM" width="200"></iframe>', 0, 0),
(26, '<iframe frameborder="0" height="500" scrolling="no" src="https://www.youtube.com/embed/h7xDfqSAdh0" width="100%"></iframe>', '2015-09-20', 1, 'Ленинград — Сумка', 4, '<iframe frameborder="0" height="150" scrolling="no" src="https://www.youtube.com/embed/h7xDfqSAdh0" width="200"></iframe>', 0, 0),
(27, '<iframe frameborder="0" height="500" scrolling="no" src="https://www.youtube.com/embed/cYMfb6tqwqs" width="100%"></iframe>', '2015-09-20', 1, 'Ленинград — Ты охуительна', 4, '<iframe frameborder="0" height="150" scrolling="no" src="https://www.youtube.com/embed/cYMfb6tqwqs" width="200"></iframe>', 0, 0),
(28, '<iframe frameborder="0" height="500" scrolling="no" src="https://www.youtube.com/embed/dPCyR-tR4_M?list=RDcYMfb6tqwqs" width="100%"></iframe>', '2015-09-20', 1, 'Ленинград — Где моя вода?', 4, 'Господин Товарищ, мистер Президент!\r\n<p>Ваш режим кровавый уже много лет<br />\r\nБорется за правду, борется всегда,<br />\r\nНо&hellip; У меня из крана не идёт вода!</p>\r\n\r\n<p>Где&hellip; Моя вода???<br />\r\nГде? Моя вода?<br />\r\nГде моя вода? Да?<br />\r\nГде, моя вода??? Да, да, да, да, да!</p>\r\n\r\n<p>(Да ну её в пизду вашу свободу &ndash; включите воду!!!)</p>\r\n\r\n<p>Не уместны споры, всё мне ясно тут!<br />\r\nЖулики и воры спиздят и съебут<br />\r\nЯ бы не писал бы Вам, но если б не беда,<br />\r\nУ меня из крана не идёт вода!</p>\r\n\r\n<p>Где&hellip; Моя вода??? Да?<br />\r\nГде? Моя вода? Да, да!<br />\r\nГде моя вода? Да-да!<br />\r\nГде, моя вода??? Да, да, да, да, да!</p>\r\n\r\n<p>В Думе пидарасы, а в Кремле жиды!<br />\r\nА у народной массы в кранах нет воды<br />\r\nЯ скажу Вам честно, блядь, скоро всем пизда,<br />\r\nЕсли, блядь, из крана не пойдёт вода!</p>\r\n\r\n<p>&nbsp;</p>', 0, 0),
(29, '<span style="font-size:14px">Путем качественного отбора и обучения квалифицированных специалистов, мы построили рабочую команду из психологов, аналитиков, тренеров по продажам, тимбилдеров, профессиональных ведущих и консультантов.<br />\r\n<img alt="" src="/blog/upload/images/Novogodnii-korporativ-2015.jpg" style="height:647px; width:970px" /><br />\r\nВо время разработки и организации мероприятия, наша команда проникает в корневой алгоритм работы компании заказчика, выявляет сильные и слабые стороны, пробелы и недостатки в управлении и организации труда, индивидуально к каждому отделу разрабатывает программу манипуляций и психа-установок, направленных на перезагрузку сотрудника и смену негативных личностных установок на позитивные корпоративные.<br />\r\n<br />\r\n<img alt="" src="/blog/upload/images/korptop1.jpg" style="height:647px; width:970px" /><br />\r\nРабота в данном ключе зарекомендовала себя на сто процентов в таких компаниях как...<br />\r\nМы разжигаем желание сотрудников идти по пути развития в своей компании, желание профессионального роста, постоянного обучения и горизонтального развития в своей специализации.<br />\r\n<img alt="" src="/blog/upload/images/korporativ_v_stile_stilyagi_0.jpg" style="height:701px; width:970px" /></span><br />\r\n<strong>SMART-EVENT</strong> - ЛУЧШИЕ<strong> ДРУЗЬЯ</strong> ВАШЕЙ КОМПАНИИ!&raquo;', '2015-09-22', 1, 'Корпоративные тимбилдинги', 1, '<img alt="" src="/blog/upload/images/Novogodnii-korporativ-2015.jpg" style="float:left; height:100px; margin-left:10px; margin-right:10px; width:150px" /><span style="font-size:14px">Путем качественного отбора и обучения квалифицированных специалистов, мы построили рабочую команду из психологов, аналитиков, тренеров по продажам, тимбилдеров, профессиональных ведущих и консультантов.</span><br />\r\n&nbsp;', 0, 0),
(30, 'Где чаше всего проводит время современная молодежь после трудовой или студенческой недели? На природе, в театрах, в кино? Да, но лишь малая часть! Основная масса энергии уходит в заведения с хорошей музыкой, отличными напитками и крутыми диджеями!<br />\r\n<img alt="" src="/blog/upload/images/40e931419b7a19f728370e184057f5be.jpg" style="height:606px; width:970px" /><br />\r\nА куда хочется вернуться после очередного уик-энда? Уж точно не на работу!<br />\r\nКоманда SMART-EVENT предлагает заведениям новое видение проведения тусовок и релакс пати. В настоящее время потенциального клиента уже мало чем удивишь. Но проработать вечеринку так, чтобы с нее не хотелось уходить, а через неделю вернуться вновь, все-таки можно. И НУЖНО!<br />\r\n<br />\r\nОхват возможностей нашей команды очень большой, именно поэтому мы можем предложить работать на долгосрочной основе и с заведениями развлекательного формата (клуб, бар, караоке).<br />\r\n<img alt="" src="/blog/upload/images/00018.jpg" style="height:760px; width:970px" /><br />\r\nНаша команда, отлично справляется с организацией и продвижением мероприятий такого формата, которые больше всего подходят ночным заведениям.<br />\r\n<img alt="" src="/blog/upload/images/coj7awhNM_c.jpg" style="height:841px; margin-left:10px; margin-right:10px; width:970px" /><br />\r\nПромо команда, с радостью привлечёт для вас новых клиентов, которые будут приходить и отдыхать в вашем баре вновь и вновь, благодаря арт отделу.<br />\r\n<img alt="" src="/blog/upload/images/024.jpg" style="height:646px; width:970px" /><br />\r\nМы предлагаем вам проводить вечеринки, благодаря которым вы сможете максимально - оперативно увеличивать приток клиентов.<br />\r\n<img alt="" src="/blog/upload/images/mayak-klub-hamburg.jpg" style="height:606px; width:970px" /><br />\r\n&laquo;SMART-EVENT &ndash; ТУСОВКА? ЛЕГКО!&raquo;<br />\r\n&nbsp;', '2015-09-22', 1, 'Аутсорсинг в ресторанах и клубах', 1, '<img alt="" src="/blog/upload/images/40e931419b7a19f728370e184057f5be.jpg" style="float:left; height:94px; margin-left:10px; margin-right:10px; width:150px" />Где чаше всего проводит время современная молодежь после трудовой или студенческой недели? На природе, в театрах, в кино? Да, но лишь малая часть! Основная масса энергии уходит в заведения с хорошей музыкой, отличными напитками и крутыми диджеями!<br />\r\n&nbsp;', 0, 0),
(31, 'Что такое престиж? Отличное оформление зала, модный диджей и целая линейка отличных напитков? Да! Но зал выглядит богаче, диджей звучит лучше, а напитки льются рекой, если в вашем заведении сегодня выступает Вера Брежнева, Смысловые Галлюцинации, Би-2, Баста или кого вы хотите видеть сегодня из местных или зарубежных звезд на сцене Вашего заведения?<br />\r\n<img alt="" src="/blog/upload/images/1311755937_linkin_park_1024.jpg" style="height:728px; width:970px" /><br />\r\nКоманда SMART-EVENT очень тесно дружит почти со всеми именитыми исполнителями отечественной и зарубежной эстрады. Благодаря этой дружбе цены на выступления гораздо дешевле, количество песен больше, а положительные эмоции и искренность выступлений просто зашкаливает!<br />\r\n<img alt="" src="/blog/upload/images/V_Habarovsk_priedet_legendarnaya_gruppa_Limp_Bizkit-27785.jpg" style="height:606px; width:970px" /><br />\r\nМы имеем опыт в привозе звезд, как ближайшего зарубежья, так и артистов мирового уровня. Нет ничего долгожданней и лучше того, что бы во в живую насладиться творчеством своего кумира.<br />\r\n<img alt="" src="/blog/upload/images/potap.jpg" style="height:647px; width:970px" /><br />\r\nУ нас достаточно связей, которые все время становятся обширнее, что позволяет максимально оперативно и с наилучшими ценами привезти звезду на ваш праздник.<br />\r\n&laquo;SMART-EVENT &ndash; МЫ НЕ ДОСТАЕМ ЗВЕЗД С НЕБА, МЫ ПРИВОЗИМ ИХ ИЗ-ЗА ГРАНИЦЫ!&raquo;<br />\r\n&nbsp;', '2015-09-22', 1, 'Организация выступления звезд', 1, '<img alt="" src="/blog/upload/images/maxresdefault.jpg" style="float:left; height:100px; margin-left:10px; margin-right:10px; width:150px" />Что такое престиж? Отличное оформление зала, модный диджей и целая линейка отличных напитков? Да! Но зал выглядит богаче, диджей звучит лучше, а напитки льются рекой, если в вашем заведении сегодня выступает Вера Брежнева, Смысловые Галлюцинации, Би-2, Баста или кого вы хотите видеть сегодня из местных или зарубежных звезд на сцене Вашего заведения?<br />\r\n<br />\r\n&nbsp;', 0, 0),
(32, 'Настоящее счастье для любых родителей видеть искреннюю радость в глазах своих детей! Как приятно слышать детский смех в компании анимированных персонажей, видеть как они в поисках сокровищ старого пирата бегают с картой в руках&hellip;а самим приятно устроиться на шезлонге с коктейлем в руках и загорать под теплыми лучами летнего солнца и не переживать ни о чем&hellip;<br />\r\n<img alt="" src="/blog/upload/images/1.jpg" style="height:646px; margin-left:10px; margin-right:10px; width:970px" /><br />\r\nА если представить, что дети не только беззаботно веселятся, интересно проводя время с новыми друзьями, но при этом изучают географию, историю, математику, литературу и многое другое?<br />\r\n(фото)<br />\r\nПредставьте, как по пути домой вы с интересом слушаете как Ваш ребенок, в захлеб, рассказывает Вам о настоящих исторических личностях, наизусть пересказывает новый стих, поет новую песенку и доказывает, что математика не только интересна, но еще и очень полезна!<br />\r\n<img alt="" src="/blog/upload/images/371.jpg" style="height:647px; width:970px" /><br />\r\nSmart-event, это компания, которая нашла идеальный баланс между весельем и обучением. Наша команда имеет огромный опыт организации и проведения детских обучающих праздников, в частности за рубежом.<br />\r\n<img alt="" src="/blog/upload/images/1%20(1).jpg" style="height:728px; width:970px" /><br />\r\nПедагоги-аниматоры с многолетним стажем и отличным воображением не оставят равнодушными ваших детей, они, с неподдельным интересом будут познавать новые знания, делать многочисленные открытия, работая в своей первой в жизни настоящей команде!<br />\r\n<img alt="" src="/blog/upload/images/27593877.85bk3fzvd0.W665.jpg" style="height:750px; width:970px" /><br />\r\nОбучаясь, Ваш ребенок, с удовольствием погрузится в атмосферу жизни Миньонов, станет настоящим спасателем или окажется вовлеченным в путешествие за сокровищем вместе с пиратами. При этом узнавая почему небо голубое, вода мокрая, шоколад сладкий, а соль соленая!<br />\r\n<img alt="" src="/blog/upload/images/548c920.jpg" style="height:647px; width:970px" /><br />\r\nВ любом из возможных сценариев ваших детей ждут незабываемые впечатления, развивающие игры и интересные конкурсы.<br />\r\n<img alt="" src="/blog/upload/images/1276435.jpg" style="height:728px; width:970px" /><br />\r\nИ конечно же, уважаемые родители, мы не забыли и о Вас! Пока Ваш ребенок будет с упоением познавать мир, вам, отдельная команда предложит целый спектр отвлеченного досуга!<br />\r\n<br />\r\n&laquo;SMART-EVENT &ndash; И ДЕТИ СЧАСТЛИВЫ И РОДИТЕЛИ ДОВОЛНЫ!&raquo;<br />\r\n&nbsp;', '2015-09-22', 1, 'Детские праздники', 1, '<img alt="" src="/blog/upload/images/1.jpg" style="float:left; height:100px; margin-left:10px; margin-right:10px; width:150px" /><span style="font-size:20px"><span style="color:#0000CD">Настоящее счастье для любых родителей видеть искреннюю радость в глазах своих детей! Как приятно слышать детский смех в компании анимированных персонажей, видеть как они в поисках сокровищ старого пирата бегают с картой в руках&hellip;а самим приятно устроиться на шезлонге с коктейлем в руках и загорать под теплыми лучами летнего солнца и не переживать ни о чем&hellip;</span></span><br />\r\n<br />\r\n&nbsp;', 0, 0);

-- 
-- Вывод данных для таблицы category
--
INSERT INTO category VALUES
(1, 'Услуги', 'В даноом разделе публикуются все услуги оказываемые нашей командой.', 48, 1, 1),
(2, 'Портфолио', '<p>В данном разделе мы собираем отчеты обо всех проведенных мероприятиях</p>', 48, 1, 1),
(4, 'Блог', '<p>В этои разделе мы ведем свой блог</p>', 48, 2, 1),
(6, 'Корпоративы', '<p>Тут что то о корпоративах</p>', 48, 3, 1),
(7, 'Галереи', '<p>что то о свадьбах</p>', 48, 4, 1),
(25, 'тематические', 'Корпоративы тематические', 6, 5, 0),
(26, 'новогодние', 'Корпоративы Новогодние', 6, 5, 0),
(27, 'день рождение компании', 'Корпоратив день рождение компании<br />\r\n&nbsp;', 6, 6, 0),
(28, 'мероприятие, рассчитанное для клиентов', 'Корпоратив&nbsp;мероприятие, рассчитанное для клиентов', 6, 7, 0),
(30, 'мероприятие, рассчитанное для партнеров', 'Корпоративы мероприятие, рассчитанное для партнеров<br />\r\n&nbsp;', 6, 0, 0),
(31, 'презентации', 'Корпоративы&nbsp;презентации', 6, 0, 0),
(33, 'выездной', 'Тимбилдинг&nbsp;выездной', 47, 0, 0),
(36, 'экстремальный', 'Тимбилдинг&nbsp;экстремальный', 47, 0, 0),
(39, 'спортивный', 'спортивный<br />\r\n&nbsp;', 48, 0, 0),
(40, 'исторический', 'исторический<br />\r\n&nbsp;', 48, 0, 0),
(41, 'творческий', 'творческий<br />\r\n&nbsp;', 47, 20, 1),
(42, 'тимбилдинг на отдыхе за рубежом', 'тимбилдинг на отдыхе за рубежом<br />\r\n&nbsp;', 47, 0, 0),
(47, 'Тимбилдинг', 'Тимбилдинг наше все', 48, 0, 1),
(48, 'Главный Раздел', 'К этому разделу относятся все другие разделы главного меню, он не выводится чтобы небыло цикических ссылок', 0, 0, 0);

-- 
-- Вывод данных для таблицы fos_user
--
INSERT INTO fos_user VALUES
(1, 'gordondalos', 'gordondalos', 'gordondalos@gmail.com', 'gordondalos@gmail.com', 1, 'sov7nv9vqn4go88w0wkcgkw48sck8o4', '$2y$13$sov7nv9vqn4go88w0wkcgef24BWXm/75fmjFlZH1wBoojeFdJKH7C', '2015-09-23 22:50:24', 0, 0, NULL, NULL, NULL, 'a:0:{}', 0, NULL);

-- 
-- Вывод данных для таблицы menu
--
INSERT INTO menu VALUES
(2, 'Главная', '/blog/web/', NULL, 'Main', 0),
(3, 'Блог', '/blog/web/category/post/4', NULL, 'Main', 4),
(4, 'Контакты', '/blog/web/post/18', NULL, 'Main', 5),
(6, 'Галерея', '/blog/web/category/post/7', NULL, 'Main', 3),
(7, 'О Нас', '/blog/web/post/19', NULL, 'Menu', 6),
(8, 'Услуги', '/blog/web/category/post/1', NULL, 'Main', 2);

-- 
-- Вывод данных для таблицы slider
--
INSERT INTO slider VALUES
(1, 'http:\\\\google.com', '/blog/upload/images/real/IMG_7128.jpg', 'Просто Толик'),
(2, 'http:\\\\mail.ru', '/blog/upload/images/real/IMG_7125.jpg', 'Это дмитрий'),
(4, 'http://127.0.0.1/blog/web/post/5', '/blog/upload/images/real/IMG_7144.jpg', 'Стана катич');

-- 
-- Восстановить предыдущий режим SQL (SQL mode)
-- 
/*!40101 SET SQL_MODE=@OLD_SQL_MODE */;

-- 
-- Включение внешних ключей
-- 
/*!40014 SET FOREIGN_KEY_CHECKS=@OLD_FOREIGN_KEY_CHECKS */;